Variable,VIF
const,221.83245150366383
log_GDP,8.2542281791869
log_Population,9.15174347081448
HDI,4.614874696386507
log_Athletes,3.5745928941766176
